{
  "best_global_step": null,
  "best_metric": null,
  "best_model_checkpoint": null,
  "epoch": 3.0,
  "eval_steps": 500,
  "global_step": 39,
  "is_hyper_param_search": false,
  "is_local_process_zero": true,
  "is_world_process_zero": true,
  "log_history": [
    {
      "entropy": 1.8610787570476532,
      "epoch": 0.7692307692307693,
      "grad_norm": 0.349609375,
      "learning_rate": 0.00015384615384615385,
      "loss": 1.8098,
      "mean_token_accuracy": 0.749657541513443,
      "num_tokens": 40960.0,
      "step": 10
    },
    {
      "entropy": 1.0390780061483382,
      "epoch": 1.5384615384615383,
      "grad_norm": 0.2578125,
      "learning_rate": 0.00010256410256410256,
      "loss": 1.1889,
      "mean_token_accuracy": 0.8186888411641121,
      "num_tokens": 81408.0,
      "step": 20
    },
    {
      "entropy": 1.0293491423130035,
      "epoch": 2.3076923076923075,
      "grad_norm": 0.294921875,
      "learning_rate": 5.128205128205128e-05,
      "loss": 1.1395,
      "mean_token_accuracy": 0.819887475669384,
      "num_tokens": 121856.0,
      "step": 30
    }
  ],
  "logging_steps": 10,
  "max_steps": 39,
  "num_input_tokens_seen": 0,
  "num_train_epochs": 3,
  "save_steps": 50,
  "stateful_callbacks": {
    "TrainerControl": {
      "args": {
        "should_epoch_stop": false,
        "should_evaluate": false,
        "should_log": false,
        "should_save": true,
        "should_training_stop": true
      },
      "attributes": {}
    }
  },
  "total_flos": 1245906681200640.0,
  "train_batch_size": 2,
  "trial_name": null,
  "trial_params": null
}
